Partisan Records,Interscope Records,Republic Records,Concord
Angélica Garcia,2Pac,41,Amythyst Kiah
Aoife Nessa Frances,42 Dugg,AJR,Andrew Bird
Beth Orton,6LACK,Amy Winehouse,Archetypes Collide
Blondshell,Amaarae,Anitta,Avi Kaplan
Body Meat,Amber Mark,Anthony Ramos,Bella White
Bombino,Amirah,Any Gabrielly,Bill Evans
Cameron Winter,Anyma,AP Dhillon,Billy Gibbons
Cigarettes After Sex,Ari Lennox,Ariana Grande,Billy Strings
Cymande,Arin Ray,Autumn!,Butcher Brown
DJ Rashad,Avicii,Ayra Starr,Caroline Spence
Ezra Collective,Bad Gyal,Bastille,Ceramic Animal
Fela Kuti,Bas,BENEE,Chase Atlantic
Femi Kuti,Ben Platt,Billy Porter,Chelsea Wolfe
Geese,Benny Blanco,Birdman,Chick Corea
Grian Chatten,Billie Eilish,Bo Burnham,Common
HONESTY,BLACKPINK,Bryant Barnes,Creedence Clearwater Revival
IDLES,Blink-182,Bryce Leatherwood,Daffo
Just Mustard,Bow Anderson,Camylio,Dan Auerbach
Laura Marling,boygenius,Chelsea Cutler,Denzel Curry
Léa Sen,BOYNEXTDOOR,CHINCHILLA,Devon Gilfillian
Lip Critic,BTS,Chxrry22,DIIV
Maple Glider,Camila Cabello,City Morgue,Early James
NoSo,Cashmere Cat,Claire Rosinkranz,Esperanza Spalding
PJ Harvey,Chino Pacas,Conan Gray,Ghost
Skinny Pelembe,Cuco,Confidence Man,Gov’t Mule
Sun’s Signature,d4vd,Daddy Yankee,Grace Potter
TTSSFU,Dababy,Daniel Caesar,HEALTH
Ultraísta,DERMOT KENNEDY,Dayglow,Hermanos Gutiérrez
Westerman,destroy lonely,DNCE,Hiromi
WITCH,DJ Snake,Drake,I DONT KNOW HOW BUT THEY FOUND ME
Aerial East,Dr. Dre,Dream,I Prevail
Ages and Ages,DSTRCT,Dylan,I’m With Her
Baby In Vain,Ebony Riley,Dylan Gossett,Ice Nine Kills
BOBBY,EL Padrinito Toys,Eddie Vedder,Iggy Pop
Body Type,Ella Mai,Em Beihold,Indigo Girls
Callers,Ellie Goulding,Evening Elephants,Isaac Hayes
Christopher Denny,Elton John,FLO,James Taylor
Chubby & The Gang,Eminem,Florence + the Machine,Jeremie Albino
Craig Finn,ENHYPEN,Foggieraw,John Coltrane
Deer Tick,EST Gee,G Herbo,John Lee Hooker
Diamond Rugs,Euphoria,Giant Rooks,John R. Miller
Dilly Dally,Fabio Capri,Gina Alice,Katie Pruitt
Dolorean,Feist,Girl Named Tom,Keb’ Mo’
Eagulls,Finneas,Glass Animals,Killer Mike
EMEL,Flatland Cavalry,Gotye,Kodaline
Emily Wells,fromis_9,Greta Van Fleet,Korn
Erika Wennerstrom,glaive,Haiden Henderson,L.S. Dunes
Field Report,GloRilla,ITZY,Lake Street Dive
Flock of Dimes,Gracie Abrams,Jack Johnson,Lindsey Stirling
Fontaines D.C.,Guns N' Roses,Jacquees,Logan Ledger
FREEMAN,Gwen Stefani,James Bay,Lucius
Goon,Holly Humberstone,James Hype,Luke Tyler Shelton
Guards,Hwang Min Hyun,Jelly Roll,Manchester Orchestra
Heartless Bastards,Imagine Dragons,Jeremy Zucker,Margo Price
Holy Sons,Inhaler,Joe West,Matt Berninger
JBM,Ivan Cornejo,John Legend,Meechy Darko
John Grant,J. Cole,John Mellencamp,Miles Davis
Lontalius,Jacob Collier,Jonas Brothers,Militarie Gun
Lumerians,Jay Rock,Joy Oladokun,Nathaniel Rateliff
LUMP,Jazmin Bean,Kid Cudi,Nathaniel Rateliff & The Night Sweats
Mádé Kuti,Jenevieve,Kim Petras,Nitefire
Made Of Oak,Jennifer Hudson,Leith Ross,Nubya Garcia
Mercury Rev,Jessie Ware,Liam Payne,Paul Simon
Middle Brother,JID,Lil Tecca,Pierce The Veil
Molly Sarlé,Jordan Ward,Lil Wayne,R.E.M.
Mountain Man,Juice WRLD,Lindsay Lohan,Rachel Bobbitt
Nico Yaryan,Kacey Musgraves,Livingston,Rise Against
Paleo,Karol G,Lord Huron,Robert Glasper
PHOX,Katseye,Lorde,Robert Plant & Alison Krauss
Pottery,KATSEYE,Loyle Carner,Ruston Kelly
Pure Bathing Culture,Ken Carson,Lyn Lapid,Samantha Fish
Sallie Ford & The Sound Outside,Kendrick Lamar,Madison Bailey,Sarah Jarosz
Sam Burton,Lady Gaga,Mae Stephens,Seether
Spike Fuck,Lana Del Rey,Marcus King,Shannon & The Clams
Sylvan Esso,LE SSERAFIM,MEDUZA,Sierra Ferrell
TENDER,Lebra Jolie,Metro Boomin,Skegss
The Amazing,Lehla Samia,MIKA,Sleater-Kinney
The Black Angels,Lil Poppa,Miranda Lambert,Soccer Mommy
The Dismemberment Plan,Louis the Child,Morgan Wallen,St. Vincent
The Wytches,Maroon 5,NAV,Starset
TORRES,Marsha Ambrosius,NAYEON,Taking Back Sunday
Treetop Flyers,mgk,Nelly Furtado,Tanya Tucker
Violents + Monica Martin,Michael Kiwanuka,Nia Smith,Tears for Fears
Virgin Forest,midnatt,Nick Ward,Tedeschi Trucks Band
Warm Ghost,Moneybagg Yo,Nicki Minaj,The Arcs
HERE,Mozzy,Nigo,The Laurie Berkner Band
here,NewJeans,NMIXX,The Offspring
Ochre,No Doubt,Noah Kahan,The Pretty Reckless
Desert Daze Sound,Olivia Rodrigo,November Ultra,The Revivalists
section1,Olly Alexander,Of Monsters and Men,The Traveling Wilburys
Knitting Factory Entertainment,OneRepublic,Oh Wonder,The Velveteers
GrayBits,Pi'erre Bourne,Onsight Deeda,Valerie June
Vance Wellenstein,Prospa,Paris Jackson,Varials
,Rae Sremmurd,Peach PRC,Wage War
,Reneé Rapp,Pearl Jam,Warren Haynes
,Riovaz,Pop Smoke,Yola
,Rob Grant,Post Malone,
,Rob49,Ralan Styles,
,Role Model,Reyanna Maria,
,Rosemarie,Rublow,
,Rubi Rose,Sam Tompkins,
,ScHoolboy Q,Sekou,
,Screwly G,Shania Twain,
,Selena Gomez,Ski Mask The Slump God,
,SEVENTEEN,Snow Patrol,
,Sheck Wes,starfall,
,Shenseea,Stephen Dawes,
,Still Woozy,Stephen Sanchez,
,Sting,Stevie Wonder,
,Stormzy,Stray Kids,
,Summer Walker,Swedish House Mafia,
,Tame Impala,tana,
,The Rolling Stones,Tanerélle,
,Tierra Whack,Taylor Swift,
,Towa Bird,TBoss,
,U2,The Chemical Brothers,
,Vonni,The Dare,
,Wisp,The Scarlet Opera,
,Xavi,The Warning,
,Years & Years,The Weeknd,
,Zedd,The Wrecks,
,,TOMORROW X TOGETHER,
,,TRI.BE,
,,TWICE,
,,twocolors,
,,VCHA,
,,Volbeat,
,,WARGASM,
,,watt,
